Date	Open	High	Low	Close	Adj Close	Volume
2017-06-09	154.89999389648438	155.64999389648438	152.8000030517578	154.39999389648438	153.27206420898438	1319642
2017-06-12	153.5	154.5	151.75	152.10000610351562	150.9888916015625	1438107
2017-06-13	152.4499969482422	157.6999969482422	151.6999969482422	156.4499969482422	155.30709838867188	3463217
2017-06-14	156.9499969482422	160.4499969482422	155.0500030517578	158.4499969482422	157.29248046875	4815053
2017-06-15	158.4499969482422	162.75	157.60000610351562	159.10000610351562	157.937744140625	3647423
2017-06-16	159.9499969482422	161.8000030517578	157.6999969482422	158.1999969482422	157.0443115234375	1968954
2017-06-19	159.0	159.5500030517578	155.89999389648438	156.39999389648438	155.25746154785156	1362450
2017-06-20	156.75	158.64999389648438	155.5500030517578	156.85000610351562	155.7041778564453	1212404
2017-06-21	156.8000030517578	159.39999389648438	156.0500030517578	156.8000030517578	155.654541015625	2770731
2017-06-22	157.0	158.60000610351562	154.0	154.75	153.61952209472656	2216575
2017-06-23	154.60000610351562	155.0	149.8000030517578	151.14999389648438	150.04580688476562	1980476
2017-06-27	151.14999389648438	151.9499969482422	145.75	147.35000610351562	146.27359008789062	1465569
2017-06-28	147.25	150.1999969482422	146.39999389648438	149.14999389648438	148.0604248046875	2135161
2017-06-29	149.9499969482422	151.6999969482422	147.89999389648438	148.5	147.41517639160156	2280933
2017-06-30	148.0	151.6999969482422	147.10000610351562	150.64999389648438	149.54946899414062	1854572
2017-07-03	152.5	155.64999389648438	150.75	151.60000610351562	150.49253845214844	8680232
2017-07-04	153.6999969482422	154.14999389648438	149.75	150.0500030517578	148.953857421875	3080845
2017-07-05	151.5	157.10000610351562	150.0	156.14999389648438	155.00929260253906	5849123
2017-07-06	156.5	157.8000030517578	152.75	153.35000610351562	152.22975158691406	4873097
2017-07-07	153.14999389648438	158.89999389648438	153.10000610351562	157.75	156.5976104736328	6442241
2017-07-10	158.4499969482422	167.85000610351562	157.10000610351562	166.5500030517578	165.3333282470703	4758424
2017-07-11	167.0500030517578	172.8000030517578	167.0500030517578	169.5	168.2617645263672	12571250
2017-07-12	171.0500030517578	174.8000030517578	169.0	173.75	172.48072814941406	10623109
2017-07-13	175.35000610351562	176.6999969482422	171.1999969482422	175.39999389648438	174.11866760253906	5222043
2017-07-14	175.89999389648438	175.89999389648438	172.0500030517578	174.1999969482422	172.92742919921875	2831387
2017-07-17	174.25	179.3000030517578	172.60000610351562	177.0	175.7069854736328	4882663
2017-07-18	176.10000610351562	178.6999969482422	173.0500030517578	173.75	172.48072814941406	3264325
2017-07-19	173.8000030517578	177.39999389648438	173.6999969482422	175.14999389648438	173.8704833984375	4161102
2017-07-20	175.39999389648438	176.25	170.3000030517578	171.3000030517578	170.04861450195312	2791324
2017-07-21	171.89999389648438	173.85000610351562	169.6999969482422	172.1999969482422	170.94204711914062	4670938
2017-07-24	172.1999969482422	174.3000030517578	169.4499969482422	170.0	168.75811767578125	2636591
2017-07-25	170.5	172.25	169.1999969482422	171.14999389648438	169.8997039794922	2103806
2017-07-26	172.0	175.35000610351562	170.75	172.1999969482422	170.94204711914062	3803339
2017-07-27	173.85000610351562	173.85000610351562	167.6999969482422	168.39999389648438	167.1697998046875	2370296
2017-07-28	167.89999389648438	170.64999389648438	166.85000610351562	169.14999389648438	167.91432189941406	2290563
2017-07-31	169.5	172.39999389648438	168.35000610351562	169.5500030517578	168.3114013671875	1896521
2017-08-01	171.0	171.75	166.75	167.5	166.27638244628906	2140964
2017-08-02	168.0	168.5500030517578	164.1999969482422	165.10000610351562	163.8939208984375	2009220
2017-08-03	165.9499969482422	169.39999389648438	164.5	166.64999389648438	165.43258666992188	2895078
2017-08-04	164.6999969482422	167.60000610351562	163.85000610351562	166.4499969482422	165.23403930664062	2298689
2017-08-07	167.0	171.6999969482422	167.0	170.4499969482422	169.20481872558594	2548868
2017-08-08	171.8000030517578	171.8000030517578	165.60000610351562	166.0	164.78733825683594	2372930
2017-08-09	165.5	166.89999389648438	160.4499969482422	162.10000610351562	160.91583251953125	1267995
2017-08-10	161.85000610351562	163.5	153.1999969482422	156.0	154.86038208007812	2470478
2017-08-11	155.10000610351562	164.8000030517578	152.0500030517578	164.1999969482422	163.00048828125	6027593
2017-08-14	166.0	180.3000030517578	165.10000610351562	178.75	177.44419860839844	9368807
2017-08-16	182.5	196.75	181.5	193.85000610351562	192.43389892578125	29191015
2017-08-17	194.0	197.39999389648438	189.8000030517578	190.60000610351562	189.2076416015625	10381703
2017-08-18	189.8000030517578	196.39999389648438	188.0500030517578	194.39999389648438	192.9798583984375	10030010
2017-08-21	196.64999389648438	203.0	194.39999389648438	196.14999389648438	194.71707153320312	15744338
2017-08-22	197.14999389648438	199.5	188.85000610351562	189.85000610351562	188.46311950683594	7466196
2017-08-23	191.5	197.4499969482422	189.14999389648438	196.5500030517578	195.11416625976562	7522673
2017-08-24	197.3000030517578	198.3000030517578	193.6999969482422	194.25	192.83096313476562	4587179
2017-08-28	195.0	196.3000030517578	192.0500030517578	193.3000030517578	191.88790893554688	3684762
2017-08-29	192.9499969482422	197.5	189.35000610351562	190.35000610351562	188.95945739746094	5679382
2017-08-30	193.0	198.14999389648438	192.35000610351562	197.0500030517578	195.6105194091797	7173447
2017-08-31	198.5	200.6999969482422	196.10000610351562	198.0	196.55357360839844	7760949
2017-09-01	198.25	200.64999389648438	196.3000030517578	197.60000610351562	196.156494140625	3401210
2017-09-04	198.0	198.39999389648438	190.5	193.3000030517578	191.88790893554688	4372250
2017-09-05	194.3000030517578	197.39999389648438	193.3000030517578	196.6999969482422	195.2630615234375	3442385
2017-09-06	195.10000610351562	207.1999969482422	194.60000610351562	205.9499969482422	204.44549560546875	14490021
2017-09-07	207.9499969482422	209.3000030517578	204.8000030517578	205.75	204.2469482421875	5862028
2017-09-08	206.10000610351562	210.8000030517578	205.4499969482422	206.89999389648438	205.3885498046875	6430260
2017-09-11	209.1999969482422	211.0500030517578	207.3000030517578	209.25	207.7213897705078	3393087
2017-09-12	212.0	213.64999389648438	210.14999389648438	212.0500030517578	210.5009307861328	4884083
2017-09-13	214.64999389648438	214.9499969482422	206.1999969482422	207.3000030517578	205.78562927246094	4637092
2017-09-14	208.5	213.8000030517578	207.35000610351562	212.0500030517578	210.5009307861328	2980684
2017-09-15	211.0	213.6999969482422	208.85000610351562	210.5500030517578	209.0118865966797	2608124
2017-09-18	212.64999389648438	215.0	210.6999969482422	213.3000030517578	211.74180603027344	2491966
2017-09-19	213.0	220.1999969482422	212.85000610351562	216.1999969482422	214.62060546875	9580786
2017-09-20	216.39999389648438	216.85000610351562	213.10000610351562	213.6999969482422	212.1388702392578	2906933
2017-09-21	214.0	214.8000030517578	207.3000030517578	212.1999969482422	210.6498260498047	2914695
2017-09-22	211.0	211.0	200.0	201.14999389648438	199.68055725097656	3851873
2017-09-25	201.4499969482422	202.0	192.3000030517578	196.64999389648438	195.2134246826172	4019965
2017-09-26	196.0	206.4499969482422	195.3000030517578	204.64999389648438	203.1549835205078	5546594
2017-09-27	206.5	207.0	196.64999389648438	198.60000610351562	197.14918518066406	3331256
2017-09-28	199.0500030517578	204.5	198.6999969482422	203.14999389648438	201.6659393310547	4602566
2017-09-29	204.5	209.89999389648438	203.39999389648438	205.8000030517578	204.2965850830078	3721338
2017-10-03	207.25	210.5500030517578	205.0	206.4499969482422	204.94183349609375	1985873
2017-10-04	207.3000030517578	207.6999969482422	203.14999389648438	204.9499969482422	203.45278930664062	1964885
2017-10-05	204.9499969482422	210.5500030517578	204.5500030517578	209.4499969482422	207.919921875	2228532
2017-10-06	210.0	212.25	208.64999389648438	209.60000610351562	208.06883239746094	2534607
2017-10-09	209.64999389648438	211.35000610351562	207.64999389648438	208.3000030517578	206.77833557128906	1653094
2017-10-10	209.5	211.14999389648438	207.6999969482422	208.4499969482422	206.92723083496094	2125747
2017-10-11	209.4499969482422	216.0	205.60000610351562	209.39999389648438	207.8702850341797	6891689
2017-10-12	211.0	212.89999389648438	208.0	212.0	210.4512939453125	3902627
2017-10-13	211.0	214.1999969482422	209.25	210.25	208.71408081054688	3171251
2017-10-16	210.3000030517578	211.85000610351562	207.10000610351562	209.60000610351562	208.06883239746094	2658347
2017-10-17	210.39999389648438	213.35000610351562	209.0500030517578	210.3000030517578	208.7637176513672	3269191
2017-10-18	211.4499969482422	211.4499969482422	205.60000610351562	206.8000030517578	205.28929138183594	4687271
2017-10-19	207.89999389648438	207.9499969482422	203.6999969482422	204.60000610351562	203.10536193847656	532661
2017-10-23	205.5	207.4499969482422	202.60000610351562	203.10000610351562	201.61631774902344	2952899
2017-10-24	204.0	210.25	203.5500030517578	209.64999389648438	208.1184539794922	3568231
2017-10-25	211.0	211.5	203.0	205.3000030517578	203.8002471923828	2640192
2017-10-26	204.9499969482422	210.85000610351562	203.39999389648438	209.8000030517578	208.26736450195312	4964383
2017-10-27	211.3000030517578	221.8000030517578	209.75	220.5	218.8892059326172	8891566
2017-10-30	225.0	230.25	222.5	226.8000030517578	225.1431884765625	13953152
2017-10-31	226.9499969482422	228.25	223.14999389648438	226.9499969482422	225.29208374023438	5175219
2017-11-01	226.9499969482422	231.39999389648438	226.35000610351562	227.8000030517578	226.13587951660156	3608627
2017-11-02	227.89999389648438	231.25	223.39999389648438	226.35000610351562	224.69647216796875	7866167
2017-11-03	227.0	227.89999389648438	224.35000610351562	225.3000030517578	223.65414428710938	1920643
2017-11-06	224.89999389648438	236.89999389648438	224.0	234.6999969482422	232.98545837402344	6994467
2017-11-07	235.0	235.5	221.3000030517578	225.0	223.3563232421875	5306883
2017-11-08	226.0	228.0	222.5500030517578	224.5	222.8599853515625	3299527
2017-11-09	225.8000030517578	241.60000610351562	225.3000030517578	240.4499969482422	238.69346618652344	11299727
2017-11-10	240.6999969482422	244.0	234.64999389648438	236.14999389648438	234.42486572265625	7726311
2017-11-13	236.3000030517578	239.8000030517578	232.85000610351562	234.39999389648438	232.68765258789062	2923051
2017-11-14	234.6999969482422	248.0	228.39999389648438	246.6999969482422	244.89779663085938	15847309
2017-11-15	237.89999389648438	253.35000610351562	237.89999389648438	250.89999389648438	249.06712341308594	17805319
2017-11-16	254.0	254.64999389648438	247.1999969482422	251.9499969482422	250.1094512939453	6292626
2017-11-17	252.25	260.79998779296875	250.8000030517578	259.8999938964844	258.0013732910156	6857865
2017-11-20	261.1499938964844	276.25	259.25	274.8999938964844	272.89178466796875	13458563
2017-11-21	275.8999938964844	280.75	271.1499938964844	273.1499938964844	271.1545715332031	12063135
2017-11-22	273.5	275.8500061035156	267.75	274.04998779296875	272.0480041503906	5015906
2017-11-23	273.1499938964844	276.95001220703125	270.5	274.79998779296875	272.7925109863281	3371088
2017-11-24	275.04998779296875	280.0	275.04998779296875	278.70001220703125	276.6640625	3855810
2017-11-27	277.5	278.3999938964844	274.29998779296875	277.45001220703125	275.4231872558594	2208868
2017-11-28	277.0	289.79998779296875	276.5	287.75	285.6479187011719	11258640
2017-11-29	287.29998779296875	290.6499938964844	278.29998779296875	280.20001220703125	278.1531066894531	6464166
2017-11-30	278.8999938964844	292.20001220703125	277.54998779296875	287.1000061035156	285.002685546875	9944314
2017-12-01	288.45001220703125	293.6000061035156	282.6000061035156	283.54998779296875	281.4786071777344	7150041
2017-12-04	285.0	286.5	276.3999938964844	279.04998779296875	277.011474609375	5784862
2017-12-05	279.3999938964844	283.75	278.1499938964844	279.95001220703125	277.9049072265625	4876970
2017-12-06	278.8999938964844	282.95001220703125	273.6000061035156	274.95001220703125	272.9414367675781	4358618
2017-12-07	276.0	284.8500061035156	275.6499938964844	284.0	281.9253234863281	3820082
2017-12-08	287.54998779296875	289.8999938964844	285.04998779296875	288.45001220703125	286.34283447265625	4297335
2017-12-11	290.0	299.54998779296875	285.8999938964844	298.3500061035156	296.1705017089844	8045275
2017-12-12	298.6000061035156	298.6000061035156	286.6499938964844	287.79998779296875	285.6975402832031	6874578
2017-12-13	290.0	292.5	282.20001220703125	284.45001220703125	282.3720397949219	6799578
2017-12-14	288.0	288.25	279.20001220703125	284.29998779296875	282.2231140136719	5575066
2017-12-15	289.0	289.95001220703125	286.1499938964844	286.8500061035156	284.7545166015625	3036814
2017-12-18	280.0	293.95001220703125	275.1000061035156	290.8500061035156	288.72528076171875	5912782
2017-12-19	292.0	301.45001220703125	291.70001220703125	300.6499938964844	298.45367431640625	8383608
2017-12-20	301.0	303.79998779296875	297.75	300.8500061035156	298.6522216796875	4692403
2017-12-21	302.25	303.0	298.1499938964844	300.1499938964844	297.95733642578125	2280137
2017-12-22	301.0	306.3500061035156	299.70001220703125	302.75	300.5383605957031	4703911
2017-12-26	303.70001220703125	307.70001220703125	300.54998779296875	305.95001220703125	303.7149963378906	3956481
2017-12-27	305.5	308.79998779296875	302.5	305.54998779296875	303.31787109375	3315278
2017-12-28	306.5	309.29998779296875	303.54998779296875	306.6000061035156	304.3602294921875	4620000
2017-12-29	308.04998779296875	318.0	306.3500061035156	316.3999938964844	314.088623046875	6874520
2018-01-01	317.75	317.79998779296875	311.79998779296875	312.8999938964844	310.61419677734375	1602814
2018-01-02	314.29998779296875	314.95001220703125	307.54998779296875	311.1499938964844	308.8769836425781	2014415
2018-01-03	311.8999938964844	315.1499938964844	310.1499938964844	311.20001220703125	308.9266357421875	2073353
2018-01-04	312.0	313.5	307.25	312.25	309.9689636230469	2703849
2018-01-05	312.29998779296875	315.8500061035156	310.3500061035156	312.95001220703125	310.6638488769531	1896601
2018-01-08	314.6499938964844	319.20001220703125	312.20001220703125	317.6000061035156	315.2798767089844	2171903
2018-01-09	317.6000061035156	319.6499938964844	314.0	315.29998779296875	312.99664306640625	2411068
2018-01-10	315.0	319.1000061035156	312.54998779296875	314.1000061035156	311.8054504394531	2517494
2018-01-11	314.0	316.70001220703125	311.79998779296875	313.29998779296875	311.0112609863281	3481202
2018-01-12	315.04998779296875	328.3500061035156	315.0	325.75	323.3703308105469	14484043
2018-01-15	327.70001220703125	328.75	321.6499938964844	323.0	320.6404113769531	4519030
2018-01-16	323.0	326.8999938964844	311.45001220703125	316.3999938964844	314.088623046875	4683847
2018-01-17	313.8500061035156	317.0	307.54998779296875	313.54998779296875	311.2594299316406	3742677
2018-01-18	315.04998779296875	315.75	301.3999938964844	305.45001220703125	303.2186279296875	3408593
2018-01-19	306.0	310.0	300.95001220703125	308.3500061035156	306.0974426269531	3653286
2018-01-22	307.04998779296875	314.95001220703125	306.6000061035156	308.8500061035156	306.5937805175781	3278437
2018-01-23	310.70001220703125	310.70001220703125	304.04998779296875	307.20001220703125	304.9558410644531	4416130
2018-01-24	306.0	310.70001220703125	302.79998779296875	304.25	302.02740478515625	2154759
2018-01-25	304.0	311.25	301.6499938964844	304.25	302.02740478515625	3631793
2018-01-29	305.25	306.79998779296875	300.70001220703125	301.79998779296875	299.59527587890625	1806919
2018-01-30	300.95001220703125	307.29998779296875	299.45001220703125	304.0	301.7792053222656	2590100
2018-01-31	302.8999938964844	303.70001220703125	286.1000061035156	290.6499938964844	288.5267333984375	5397599
2018-02-01	290.25	294.8999938964844	278.6000061035156	288.3500061035156	286.2435607910156	4593306
2018-02-02	284.0	285.0	260.25	274.8500061035156	272.8421630859375	6697007
2018-02-05	265.1000061035156	276.8999938964844	255.14999389648438	273.1000061035156	271.1049499511719	6833906
2018-02-06	259.0	270.29998779296875	253.25	266.70001220703125	264.751708984375	7044561
2018-02-07	270.0	284.3999938964844	270.0	280.1499938964844	278.10345458984375	8055761
2018-02-08	282.0	286.5	276.1000061035156	280.45001220703125	278.4012756347656	5863983
2018-02-09	271.1000061035156	279.79998779296875	271.1000061035156	278.25	276.2173156738281	3121544
2018-02-12	282.3999938964844	289.6000061035156	279.70001220703125	285.1000061035156	283.0173034667969	4583181
2018-02-14	287.95001220703125	289.0	280.8999938964844	281.95001220703125	279.89031982421875	2455660
2018-02-15	284.3500061035156	285.25	276.0	279.04998779296875	277.011474609375	1807307
2018-02-16	280.25	282.75	274.20001220703125	275.6000061035156	273.5867004394531	1925414
2018-02-19	277.0	277.04998779296875	263.0	267.95001220703125	265.9925842285156	2620461
2018-02-20	268.70001220703125	274.20001220703125	261.6499938964844	262.8500061035156	260.9298400878906	5120799
2018-02-21	265.0	268.8500061035156	262.20001220703125	266.6000061035156	264.6524353027344	3638163
2018-02-22	265.95001220703125	269.8999938964844	261.1000061035156	262.1499938964844	260.23492431640625	5466484
2018-02-23	264.20001220703125	271.8999938964844	263.0	270.70001220703125	268.7225036621094	3895920
2018-02-26	273.54998779296875	274.79998779296875	271.54998779296875	273.5	271.50201416015625	3672359
2018-02-27	275.0	279.70001220703125	273.1000061035156	275.0	272.9910583496094	4778178
2018-02-28	273.0	277.0	272.0	275.5	273.4874267578125	2808234
2018-03-01	275.0	277.3500061035156	274.1000061035156	274.8500061035156	272.8421630859375	2322191
2018-03-05	274.79998779296875	276.95001220703125	270.54998779296875	275.6499938964844	273.6363220214844	4680138
2018-03-06	276.70001220703125	283.1000061035156	271.45001220703125	274.1499938964844	272.14727783203125	6601857
2018-03-07	272.0	274.45001220703125	265.1499938964844	268.8999938964844	266.9356384277344	4847214
2018-03-08	270.5	274.20001220703125	265.0	273.3999938964844	271.4027404785156	2246589
2018-03-09	275.8999938964844	275.8999938964844	266.6000061035156	268.3500061035156	266.3896484375	1614381
2018-03-12	270.0	276.6499938964844	269.70001220703125	276.04998779296875	274.03338623046875	2583575
2018-03-13	278.04998779296875	281.29998779296875	273.20001220703125	278.20001220703125	276.1676940917969	3095190
2018-03-14	275.25	281.25	275.25	278.5	276.46551513671875	2056369
2018-03-15	278.0	284.3999938964844	277.25	279.6000061035156	277.5574645996094	2877987
2018-03-16	280.79998779296875	282.70001220703125	271.04998779296875	272.3999938964844	270.4100646972656	2762357
2018-03-19	272.6000061035156	273.0	258.3500061035156	260.6000061035156	258.6962585449219	3665423
2018-03-20	259.70001220703125	263.6499938964844	255.10000610351562	262.04998779296875	260.1356506347656	2855717
2018-03-21	265.29998779296875	266.29998779296875	262.1499938964844	263.20001220703125	261.27728271484375	1477158
2018-03-22	264.6499938964844	264.6499938964844	257.6000061035156	258.8500061035156	256.95904541015625	1681596
2018-03-23	251.0500030517578	258.8999938964844	250.0	257.8999938964844	256.0159912109375	2297852
2018-03-26	258.04998779296875	263.5	253.6999969482422	262.20001220703125	260.2845764160156	2440719
2018-03-27	264.0	265.75	260.75	263.79998779296875	261.87286376953125	3071911
2018-03-28	261.25	264.0	257.5	258.75	256.8597717285156	2283408
2018-04-02	259.3500061035156	278.3999938964844	259.3500061035156	276.95001220703125	274.9268493652344	6610831
2018-04-03	276.0	277.54998779296875	271.70001220703125	274.79998779296875	272.7925109863281	2613360
2018-04-04	276.70001220703125	279.04998779296875	269.54998779296875	270.25	268.2757568359375	3283985
2018-04-05	274.54998779296875	277.0	271.5	273.0	271.00567626953125	2658707
2018-04-06	274.79998779296875	275.6499938964844	271.0	272.70001220703125	270.7078857421875	1852060
2018-04-09	275.0	281.6499938964844	273.0	277.79998779296875	275.7705993652344	4623765
2018-04-10	280.20001220703125	280.70001220703125	274.1000061035156	275.5	273.4874267578125	2190930
2018-04-11	276.1000061035156	276.3500061035156	271.5	273.8500061035156	271.8494873046875	1996390
2018-04-12	273.8999938964844	277.79998779296875	271.6499938964844	273.8500061035156	271.8494873046875	2149205
2018-04-13	274.0	277.3500061035156	271.75	275.5	273.4874267578125	2196800
2018-04-16	274.0	280.20001220703125	272.54998779296875	279.6499938964844	277.6070861816406	3030999
2018-04-17	282.0	285.25	277.5	280.95001220703125	278.8976135253906	5799262
2018-04-18	282.29998779296875	287.45001220703125	279.25	284.1000061035156	282.02459716796875	4719061
2018-04-19	286.0	288.6499938964844	283.6000061035156	286.20001220703125	284.1092529296875	2434183
2018-04-20	285.95001220703125	288.79998779296875	283.6499938964844	286.29998779296875	284.20849609375	2523492
2018-04-23	287.70001220703125	287.79998779296875	282.6499938964844	283.6000061035156	281.52825927734375	1687369
2018-04-24	283.0	288.0	281.79998779296875	283.1499938964844	281.0815124511719	2131466
2018-04-25	283.04998779296875	291.25	282.04998779296875	289.1000061035156	286.9880676269531	4804882
2018-04-26	292.5	293.6499938964844	288.75	291.20001220703125	289.0727233886719	4942803
2018-04-27	293.45001220703125	294.3999938964844	291.04998779296875	292.1000061035156	289.9661560058594	1858644
2018-04-30	293.8999938964844	298.5	292.04998779296875	297.54998779296875	295.3763122558594	3046154
2018-05-02	297.3999938964844	300.0	289.3999938964844	292.75	290.61138916015625	1857277
2018-05-03	292.75	292.75	283.1000061035156	286.6499938964844	284.55596923828125	2561225
2018-05-04	287.04998779296875	291.5	282.29998779296875	287.79998779296875	285.6975402832031	1399442
2018-05-07	288.79998779296875	295.5	287.0	294.20001220703125	292.0508117675781	1848551
2018-05-08	296.0	296.20001220703125	287.25	289.70001220703125	287.58367919921875	1720983
2018-05-09	289.6000061035156	294.3500061035156	288.6000061035156	292.0	289.86688232421875	1820409
2018-05-10	292.95001220703125	293.0	283.45001220703125	285.25	283.16619873046875	1446384
2018-05-11	284.3999938964844	290.5	284.3999938964844	287.5	285.3997497558594	1974327
2018-05-14	280.0	281.3500061035156	251.85000610351562	255.89999389648438	254.0305938720703	16822847
2018-05-15	256.45001220703125	259.5	240.75	242.64999389648438	240.87738037109375	9298329
2018-05-16	240.0	245.60000610351562	237.25	241.10000610351562	239.33871459960938	6328483
2018-05-17	243.5	249.3000030517578	242.5	247.5	245.69195556640625	7108750
2018-05-18	248.3000030517578	248.9499969482422	243.35000610351562	244.6999969482422	242.91241455078125	3297714
2018-05-21	244.10000610351562	248.35000610351562	240.5500030517578	243.5500030517578	241.77081298828125	3180360
2018-05-22	244.0	251.10000610351562	244.0	247.14999389648438	245.34451293945312	3175432
2018-05-23	246.5	252.35000610351562	245.5500030517578	250.1999969482422	248.3722381591797	4295785
2018-05-24	251.0	255.5	247.3000030517578	254.5	252.6408233642578	2921253
2018-05-25	252.1999969482422	259.3999938964844	252.1999969482422	257.8500061035156	255.9663543701172	2071496
2018-05-28	254.6999969482422	262.20001220703125	254.64999389648438	260.6499938964844	258.7458801269531	2649349
2018-05-29	257.3999938964844	262.70001220703125	257.0	257.5	255.61891174316406	2235734
2018-05-30	254.0	266.0	253.1999969482422	264.5	262.5677795410156	4154146
2018-05-31	267.0	272.0	260.70001220703125	269.20001220703125	267.23345947265625	3469905
2018-06-01	269.70001220703125	269.70001220703125	258.54998779296875	263.25	261.326904296875	2622839
2018-06-04	265.0	265.3999938964844	253.5	255.25	253.38534545898438	1819147
2018-06-05	255.5	264.70001220703125	254.8000030517578	263.75	261.8232421875	4208120
2018-06-06	262.75	266.70001220703125	260.3500061035156	265.75	263.80865478515625	2052017
2018-06-07	266.8999938964844	269.70001220703125	263.29998779296875	267.1000061035156	265.1487731933594	1527128
2018-06-08	263.70001220703125	269.3500061035156	263.54998779296875	266.95001220703125	264.9998779296875	1104173
2018-06-11	265.6000061035156	271.25	262.70001220703125	263.70001220703125	261.77362060546875	3538690
2018-06-12	262.75	268.3999938964844	262.75	267.6000061035156	265.6451416015625	1206633
2018-06-13	267.0	270.5	265.3500061035156	269.6000061035156	267.6305236816406	1232644
2018-06-14	269.79998779296875	278.75	268.20001220703125	277.79998779296875	275.7705993652344	3646744
2018-06-15	279.1499938964844	281.0	271.45001220703125	272.1499938964844	270.1618957519531	3133233
2018-06-18	271.54998779296875	276.8500061035156	269.1499938964844	275.3500061035156	273.3385314941406	1541522
2018-06-19	274.6499938964844	274.6499938964844	266.04998779296875	267.04998779296875	265.09912109375	6224725
2018-06-20	263.70001220703125	264.75	257.0	260.8500061035156	258.9444580078125	3367252
2018-06-21	258.04998779296875	262.3500061035156	255.5	258.20001220703125	256.3138122558594	3020580
2018-06-22	257.8999938964844	263.54998779296875	256.45001220703125	262.1000061035156	260.185302734375	2459832
2018-06-25	260.1000061035156	266.95001220703125	260.1000061035156	264.5	262.5677795410156	2103452
2018-06-26	264.79998779296875	269.70001220703125	263.29998779296875	267.3500061035156	265.39697265625	2208389
2018-06-27	265.1000061035156	268.3999938964844	261.20001220703125	265.6000061035156	263.65972900390625	2234204
2018-06-28	263.0	268.25	261.45001220703125	263.95001220703125	262.02178955078125	4511203
2018-06-29	262.70001220703125	270.1499938964844	262.70001220703125	269.3500061035156	267.3823547363281	2077927
2018-07-02	271.0	273.1000061035156	263.25	264.45001220703125	262.5181579589844	3661633
2018-07-03	264.5	284.5	262.70001220703125	281.0	278.9472351074219	6676660
2018-07-04	281.0	281.0	275.3500061035156	277.29998779296875	275.2742614746094	3598212
2018-07-05	277.45001220703125	282.3999938964844	270.0	271.25	269.2684631347656	2338411
2018-07-06	269.79998779296875	273.25	265.70001220703125	266.29998779296875	264.3546142578125	2022333
2018-07-09	268.25	276.20001220703125	267.0	275.25	273.2392272949219	2267486
2018-07-10	275.8999938964844	277.79998779296875	272.54998779296875	274.75	272.7428894042969	1284523
2018-07-11	274.79998779296875	275.45001220703125	267.45001220703125	269.79998779296875	267.82904052734375	1407688
2018-07-12	270.3999938964844	272.45001220703125	264.3500061035156	265.20001220703125	263.2626647949219	2250217
2018-07-13	265.0	265.75	257.54998779296875	258.8999938964844	257.0086669921875	3357333
2018-07-16	257.8999938964844	257.8999938964844	242.10000610351562	243.25	241.47300720214844	3454849
2018-07-17	241.5500030517578	251.85000610351562	240.3000030517578	247.89999389648438	246.0890350341797	3158004
2018-07-18	248.39999389648438	249.60000610351562	232.6999969482422	238.64999389648438	236.90660095214844	3343525
2018-07-19	239.6999969482422	243.3000030517578	228.60000610351562	233.10000610351562	231.39715576171875	4223216
2018-07-20	231.25	240.9499969482422	231.25	238.60000610351562	236.8569793701172	3003282
2018-07-23	238.89999389648438	244.25	235.25	243.3000030517578	241.52264404296875	2351769
2018-07-24	244.0	249.1999969482422	241.89999389648438	246.3000030517578	244.500732421875	2278457
2018-07-25	248.5	248.5	235.8000030517578	236.89999389648438	235.1693878173828	2310430
2018-07-26	235.89999389648438	242.9499969482422	234.5	239.10000610351562	237.35333251953125	3996921
2018-07-27	241.0	243.9499969482422	239.14999389648438	242.25	240.48031616210938	1581985
2018-07-30	243.6999969482422	247.0	240.89999389648438	242.1999969482422	240.43067932128906	1867720
2018-07-31	243.39999389648438	249.64999389648438	241.5	246.89999389648438	245.09634399414062	4422342
2018-08-01	248.6999969482422	254.9499969482422	234.35000610351562	235.64999389648438	233.92852783203125	13272609
2018-08-02	232.5	238.0500030517578	230.39999389648438	235.4499969482422	233.72998046875	5700851
2018-08-03	236.0	239.0	232.0	234.64999389648438	232.93582153320312	3357940
2018-08-06	235.14999389648438	240.4499969482422	234.14999389648438	239.5	237.75039672851562	2560616
2018-08-07	241.0	241.5500030517578	235.3000030517578	237.60000610351562	235.86428833007812	1962634
2018-08-08	237.25	240.5	235.0500030517578	236.35000610351562	234.62342834472656	1807313
2018-08-09	236.64999389648438	239.85000610351562	235.3000030517578	237.3000030517578	235.5664825439453	1127248
2018-08-10	237.3000030517578	237.9499969482422	231.10000610351562	233.5500030517578	231.8438720703125	2035594
2018-08-13	233.0	236.4499969482422	232.25	234.5500030517578	232.83656311035156	1948583
2018-08-14	235.0	238.5	235.0	237.5500030517578	235.8146514892578	1885288
2018-08-16	236.0500030517578	242.0	235.9499969482422	239.35000610351562	237.60150146484375	2551480
2018-08-17	240.8000030517578	244.5	239.1999969482422	243.0	241.22483825683594	2838238
2018-08-20	244.0	247.0	243.0	245.14999389648438	243.35911560058594	1690225
2018-08-21	246.89999389648438	246.89999389648438	239.25	240.5500030517578	238.79273986816406	3272005
2018-08-23	240.3000030517578	240.60000610351562	233.10000610351562	235.4499969482422	233.72998046875	1553953
2018-08-24	234.5	237.1999969482422	230.1999969482422	231.0	229.3125	1838417
2018-08-27	231.8000030517578	239.35000610351562	231.0500030517578	237.0500030517578	235.31829833984375	1990020
2018-08-28	237.0	239.3000030517578	231.3000030517578	233.35000610351562	231.6453399658203	2374782
2018-08-29	233.85000610351562	237.6999969482422	232.6999969482422	234.5500030517578	232.83656311035156	1394661
2018-08-30	235.35000610351562	237.3000030517578	232.10000610351562	236.0	234.27597045898438	1921327
2018-08-31	237.0	239.75	232.9499969482422	234.3000030517578	232.58839416503906	3353833
2018-09-03	236.0	243.5500030517578	235.0500030517578	236.6999969482422	234.97085571289062	5242852
2018-09-04	238.1999969482422	238.1999969482422	222.60000610351562	223.6999969482422	222.06582641601562	3554859
2018-09-05	222.0	224.60000610351562	215.1999969482422	222.39999389648438	220.7753143310547	3023097
2018-09-06	224.0	225.0	218.1999969482422	221.0500030517578	219.4351806640625	1738824
2018-09-07	221.0	224.5	219.10000610351562	222.9499969482422	221.32130432128906	1232507
2018-09-10	222.5	235.14999389648438	220.64999389648438	222.0	220.3782501220703	7514106
2018-09-11	222.5	225.39999389648438	214.85000610351562	216.0	214.4220733642578	3508990
2018-09-12	216.35000610351562	223.6999969482422	212.64999389648438	222.64999389648438	221.0234832763672	4570939
2018-09-14	223.4499969482422	236.6999969482422	223.3000030517578	233.9499969482422	232.24095153808594	6377909
2018-09-17	233.14999389648438	238.0	230.25	236.60000610351562	234.87159729003906	3170894
2018-09-18	237.89999389648438	239.25	233.5	235.0500030517578	233.33291625976562	2614794
2018-09-19	235.9499969482422	237.1999969482422	233.4499969482422	234.89999389648438	233.1840057373047	1362058
2018-09-21	235.0	237.0	227.9499969482422	234.60000610351562	232.88619995117188	5395319
2018-09-24	233.5500030517578	239.1999969482422	230.75	233.3000030517578	231.595703125	3423509
2018-09-25	233.3000030517578	236.75	232.0	236.10000610351562	234.375244140625	2349368
2018-09-26	240.0	240.0	232.5	234.25	232.53875732421875	2240909
2018-09-27	234.5500030517578	236.8000030517578	231.10000610351562	233.25	231.5460662841797	5082859
2018-09-28	234.0500030517578	235.9499969482422	230.1999969482422	233.75	232.0424041748047	3069914
2018-10-01	234.5500030517578	234.60000610351562	221.0500030517578	230.89999389648438	229.21322631835938	1534749
2018-10-03	230.0	237.5	225.75	227.60000610351562	225.93734741210938	1708590
2018-10-04	223.5	227.8000030517578	216.14999389648438	218.1999969482422	216.6060028076172	1728786
2018-10-05	217.0	218.60000610351562	205.89999389648438	209.1999969482422	207.6717529296875	3519515
2018-10-08	208.0	222.25	206.85000610351562	215.14999389648438	213.57827758789062	4642146
2018-10-09	215.5	219.14999389648438	209.60000610351562	216.5	214.91842651367188	1844462
2018-10-10	215.0	229.64999389648438	215.0	228.39999389648438	226.7314910888672	2919278
2018-10-11	215.0	229.6999969482422	215.0	224.60000610351562	222.95925903320312	1293881
2018-10-12	226.25	232.35000610351562	225.5	229.10000610351562	227.42637634277344	1165527
2018-10-15	229.6999969482422	237.0	226.8000030517578	234.89999389648438	233.1840057373047	1224339
2018-10-16	237.10000610351562	237.6999969482422	233.0500030517578	235.4499969482422	233.72998046875	1723113
2018-10-17	237.6999969482422	240.8000030517578	229.4499969482422	231.10000610351562	229.41177368164062	2945914
2018-10-19	230.3000030517578	232.6999969482422	225.5	227.1999969482422	225.54025268554688	1527904
2018-10-22	229.4499969482422	231.60000610351562	222.0	223.25	221.61911010742188	3529711
2018-10-23	221.10000610351562	222.1999969482422	214.75	218.3000030517578	216.7052764892578	1416279
2018-10-24	220.10000610351562	221.25	217.0500030517578	219.8000030517578	218.19432067871094	2171956
2018-10-25	217.89999389648438	224.6999969482422	216.0	222.10000610351562	220.47752380371094	3288126
2018-10-26	223.0	223.0	215.75	217.60000610351562	216.01039123535156	1254856
2018-10-29	217.0	221.4499969482422	217.0	220.0	218.39285278320312	966687
2018-10-30	220.89999389648438	228.8000030517578	219.39999389648438	227.3000030517578	225.6395263671875	2230812
2018-10-31	218.1999969482422	220.89999389648438	205.0	217.85000610351562	216.25856018066406	9609975
2018-11-01	218.0	220.5	216.39999389648438	217.75	216.15928649902344	2117862
2018-11-02	220.0	223.5	216.89999389648438	217.64999389648438	216.0600128173828	1701852
2018-11-05	217.5	221.35000610351562	217.0500030517578	219.85000610351562	218.24395751953125	977010
2018-11-06	220.75	221.75	213.14999389648438	213.8000030517578	212.23814392089844	1114288
2018-11-07	215.0	216.5500030517578	214.8000030517578	215.1999969482422	213.62791442871094	180558
2018-11-09	215.0	215.60000610351562	208.5500030517578	209.5	207.9695587158203	3291284
2018-11-12	211.0	217.0	210.1999969482422	214.6999969482422	213.13157653808594	2554231
2018-11-13	214.0	221.1999969482422	211.8000030517578	219.9499969482422	218.3432159423828	1773622
2018-11-14	220.5500030517578	221.4499969482422	216.5	217.39999389648438	215.8118438720703	1316163
2018-11-15	217.9499969482422	222.5	216.6999969482422	221.4499969482422	219.83226013183594	1146455
2018-11-16	221.5	224.25	218.5500030517578	221.8000030517578	220.17970275878906	817962
2018-11-19	222.0	225.5	221.5	224.14999389648438	222.5125274658203	904579
2018-11-20	223.0	224.85000610351562	215.0	215.9499969482422	214.3724365234375	913551
2018-11-21	215.0	220.4499969482422	215.0	219.0	217.40016174316406	1168853
2018-11-22	219.0	219.6999969482422	214.8000030517578	215.89999389648438	214.3227996826172	967411
2018-11-26	217.4499969482422	218.89999389648438	213.0	217.64999389648438	216.0600128173828	1452206
2018-11-27	218.9499969482422	219.9499969482422	214.0	217.75	216.15928649902344	1863491
2018-11-28	217.39999389648438	221.4499969482422	215.1999969482422	216.0	214.4220733642578	977424
2018-11-29	217.0	220.64999389648438	213.89999389648438	218.75	217.15199279785156	2173966
2018-11-30	216.25	220.60000610351562	216.25	218.64999389648438	217.05270385742188	1044674
2018-12-03	218.5	219.1999969482422	214.3000030517578	214.75	213.18121337890625	1099033
2018-12-04	214.75	216.75	208.8000030517578	209.5	207.9695587158203	1908684
2018-12-05	209.0	212.5	205.39999389648438	211.6999969482422	210.1534881591797	3055629
2018-12-06	210.5	211.64999389648438	207.0	208.14999389648438	206.62940979003906	1270790
2018-12-07	208.5500030517578	209.5	203.3000030517578	206.5500030517578	205.04110717773438	1422582
2018-12-10	203.0	209.60000610351562	197.0500030517578	198.1999969482422	196.75210571289062	2514120
2018-12-11	195.0	203.8000030517578	195.0	202.85000610351562	201.36814880371094	1818568
2018-12-12	203.14999389648438	213.89999389648438	203.0	212.9499969482422	211.39434814453125	1755046
2018-12-13	213.35000610351562	215.6999969482422	210.25	212.39999389648438	210.84837341308594	1196911
2018-12-14	212.0	213.35000610351562	210.0	212.35000610351562	210.7987518310547	860565
2018-12-17	212.8000030517578	213.39999389648438	209.5	210.0500030517578	208.5155487060547	1303397
2018-12-18	209.8000030517578	213.5	208.9499969482422	210.10000610351562	208.565185546875	1395195
2018-12-19	210.60000610351562	214.64999389648438	209.5500030517578	210.14999389648438	208.61480712890625	2459567
2018-12-20	209.5	213.10000610351562	208.60000610351562	210.1999969482422	208.66444396972656	1263237
2018-12-21	211.0	219.60000610351562	210.8000030517578	215.39999389648438	213.82644653320312	5654362
2018-12-24	215.5500030517578	224.0	215.39999389648438	219.0500030517578	217.44979858398438	5808490
2018-12-26	220.39999389648438	220.39999389648438	212.39999389648438	218.5500030517578	216.9534454345703	1598566
2018-12-27	221.8000030517578	224.89999389648438	215.1999969482422	220.0500030517578	218.44248962402344	9509683
2018-12-28	221.75	223.3000030517578	219.5500030517578	220.8000030517578	219.18701171875	2263147
2018-12-31	222.0	223.64999389648438	218.85000610351562	219.39999389648438	217.79722595214844	965858
2019-01-01	219.9499969482422	221.0500030517578	218.0500030517578	219.10000610351562	217.4994354248047	716275
2019-01-02	219.0	220.35000610351562	213.60000610351562	214.60000610351562	213.0323028564453	1081778
2019-01-03	214.9499969482422	215.35000610351562	209.89999389648438	210.0500030517578	208.5155487060547	2096553
2019-01-04	210.60000610351562	214.89999389648438	210.0	213.8000030517578	212.23814392089844	1213181
2019-01-07	214.60000610351562	216.9499969482422	214.0	214.9499969482422	213.37974548339844	871903
2019-01-08	214.60000610351562	216.14999389648438	212.6999969482422	215.14999389648438	213.57827758789062	590293
2019-01-09	216.0	216.6999969482422	210.64999389648438	212.60000610351562	211.0469207763672	908322
2019-01-10	212.0500030517578	215.1999969482422	212.0500030517578	214.14999389648438	212.58558654785156	715378
2019-01-11	214.0	215.25	211.3000030517578	211.89999389648438	210.35202026367188	698106
2019-01-14	211.75	214.25	209.64999389648438	213.5	211.94033813476562	1036107
2019-01-15	213.10000610351562	215.25	212.60000610351562	214.3000030517578	212.7344970703125	649313
2019-01-16	214.39999389648438	219.1999969482422	213.85000610351562	216.4499969482422	214.86878967285156	1088457
2019-01-17	216.5	218.75	215.0500030517578	218.14999389648438	216.55636596679688	1267904
2019-01-18	218.39999389648438	218.5	213.6999969482422	216.25	214.6702423095703	771653
2019-01-21	216.1999969482422	216.9499969482422	210.0	210.5	208.96224975585938	1005521
2019-01-22	209.6999969482422	212.5500030517578	209.1999969482422	212.10000610351562	210.55056762695312	682384
2019-01-23	211.5	214.8000030517578	210.0	210.60000610351562	209.0615234375	937183
2019-01-24	212.10000610351562	212.64999389648438	209.4499969482422	210.8000030517578	209.26007080078125	1059068
2019-01-25	211.0	212.0500030517578	206.0500030517578	207.0500030517578	205.53746032714844	1723705
2019-01-28	207.0	210.3000030517578	201.35000610351562	209.25	207.7213897705078	1629992
2019-01-29	210.0	210.39999389648438	202.1999969482422	204.85000610351562	203.35353088378906	1325502
2019-01-30	203.75	206.5500030517578	201.89999389648438	204.5	203.00608825683594	1407845
2019-01-31	205.8000030517578	206.0	200.8000030517578	203.8000030517578	202.3112030029297	2584783
2019-02-01	203.8000030517578	207.8000030517578	201.64999389648438	204.10000610351562	202.6090087890625	948332
2019-02-04	203.5	204.4499969482422	198.0	199.85000610351562	198.3900604248047	1115503
2019-02-05	198.5	200.0500030517578	179.3000030517578	185.9499969482422	184.5915985107422	8331711
2019-02-06	184.0	189.75	178.10000610351562	188.4499969482422	187.07333374023438	3459646
2019-02-07	188.3000030517578	192.4499969482422	186.64999389648438	191.10000610351562	189.7039794921875	1968302
2019-02-08	190.0	191.5	184.39999389648438	185.6999969482422	184.34341430664062	1280248
2019-02-11	185.89999389648438	186.0	177.0500030517578	179.75	178.4368896484375	3460117
2019-02-12	179.0500030517578	189.0	178.60000610351562	186.5500030517578	185.1872100830078	2805228
2019-02-14	183.14999389648438	190.39999389648438	182.9499969482422	188.89999389648438	187.52003479003906	997833
2019-02-15	191.0	191.0	184.1999969482422	186.14999389648438	184.79013061523438	1624523
2019-02-18	186.14999389648438	186.5	181.5	182.75	181.41497802734375	1026852
2019-02-19	182.60000610351562	188.8000030517578	182.25	184.5	183.15219116210938	984628
2019-02-20	184.5	189.3000030517578	184.5	188.6999969482422	187.32150268554688	993170
2019-02-21	188.0	194.89999389648438	187.5500030517578	190.64999389648438	189.25726318359375	2511829
2019-02-22	190.0	192.0500030517578	188.0500030517578	189.25	187.86749267578125	1243941
2019-02-25	190.10000610351562	193.1999969482422	188.5500030517578	191.10000610351562	189.7039794921875	1373833
2019-02-26	189.75	192.25	185.35000610351562	191.64999389648438	190.2499542236328	1271388
2019-02-27	192.0	195.0	190.10000610351562	192.6999969482422	191.2922821044922	1816786
2019-02-28	192.39999389648438	195.0	191.5500030517578	193.6999969482422	192.28497314453125	1090108
2019-03-01	194.0	197.85000610351562	193.1999969482422	197.3000030517578	195.8586883544922	1292085
2019-03-05	197.60000610351562	199.89999389648438	196.60000610351562	197.5500030517578	196.1068572998047	1910560
2019-03-06	198.5	203.25	196.10000610351562	197.9499969482422	196.50393676757812	1716592
2019-03-07	198.8000030517578	199.89999389648438	196.14999389648438	196.60000610351562	195.16380310058594	933729
2019-03-08	196.0	197.60000610351562	192.60000610351562	193.1999969482422	191.78863525390625	1542933
2019-03-11	192.0500030517578	203.0	192.0500030517578	202.5	201.02069091796875	3592265
2019-03-12	204.4499969482422	206.1999969482422	203.14999389648438	204.89999389648438	203.4031524658203	1991333
2019-03-13	205.9499969482422	208.75	202.25	202.85000610351562	201.36814880371094	2690181
2019-03-14	204.0	211.8000030517578	203.0	206.1999969482422	204.69366455078125	6563662
2019-03-15	207.39999389648438	208.60000610351562	202.35000610351562	203.1999969482422	201.715576171875	2025761
2019-03-18	204.89999389648438	205.0	198.5500030517578	200.25	198.78713989257812	1608207
2019-03-19	200.5500030517578	205.5	200.3000030517578	203.3000030517578	201.81484985351562	1792277
2019-03-20	203.85000610351562	204.0	197.14999389648438	198.10000610351562	196.65284729003906	2158406
2019-03-22	199.3000030517578	201.85000610351562	195.1999969482422	195.75	194.32000732421875	1298095
2019-03-25	195.0	199.5	193.60000610351562	196.64999389648438	195.2134246826172	1658129
2019-03-26	195.64999389648438	197.5	194.0500030517578	196.0500030517578	194.61781311035156	1154541
2019-03-27	196.5	200.1999969482422	195.10000610351562	196.60000610351562	195.16380310058594	1962815
2019-03-28	197.5	200.5500030517578	196.75	198.9499969482422	197.4966278076172	1586111
2019-04-01	204.5500030517578	209.3000030517578	204.1999969482422	208.10000610351562	206.5797882080078	1915582
2019-04-02	208.0	214.6999969482422	207.5500030517578	211.89999389648438	210.35202026367188	3913611
2019-04-03	212.64999389648438	213.1999969482422	207.35000610351562	208.35000610351562	206.82797241210938	2330970
2019-04-04	208.39999389648438	212.39999389648438	205.64999389648438	211.35000610351562	209.80604553222656	2089235
2019-04-05	211.39999389648438	215.5	210.0500030517578	211.3000030517578	209.75640869140625	2761691
2019-04-08	212.0	214.6999969482422	210.0	211.6999969482422	210.1534881591797	1557504
2019-04-09	211.89999389648438	211.89999389648438	207.9499969482422	210.25	208.71408081054688	827540
2019-04-10	208.10000610351562	211.89999389648438	207.75	208.8000030517578	207.27467346191406	1142036
2019-04-11	208.6999969482422	215.25	208.60000610351562	214.60000610351562	213.0323028564453	2439649
2019-04-12	215.9499969482422	217.25	213.0500030517578	215.14999389648438	213.57827758789062	2620746
2019-04-15	216.4499969482422	218.6999969482422	213.89999389648438	216.64999389648438	215.06732177734375	2673514
2019-04-16	217.39999389648438	217.39999389648438	214.5500030517578	215.6999969482422	214.124267578125	1143488
2019-04-18	215.6999969482422	216.8000030517578	207.3000030517578	208.85000610351562	207.32431030273438	2818804
2019-04-22	208.14999389648438	213.4499969482422	208.0	209.35000610351562	207.82066345214844	2003793
2019-04-23	209.8000030517578	210.85000610351562	204.0	209.60000610351562	208.06883239746094	3217791
2019-04-24	204.0	211.9499969482422	200.64999389648438	208.89999389648438	207.37393188476562	9668429
2019-04-25	209.39999389648438	212.85000610351562	207.3000030517578	211.1999969482422	209.65713500976562	3228599
2019-04-26	213.0	216.89999389648438	209.6999969482422	213.1999969482422	211.6425323486328	2510185
2019-04-30	211.0	213.0500030517578	207.3000030517578	209.1999969482422	207.6717529296875	2370602
2019-05-02	208.10000610351562	210.0500030517578	205.0500030517578	206.3000030517578	204.79293823242188	2271545
2019-05-03	205.89999389648438	207.4499969482422	203.35000610351562	204.0	202.50973510742188	1639544
2019-05-06	202.89999389648438	206.0	202.0500030517578	202.64999389648438	201.1696014404297	1068557
2019-05-07	203.10000610351562	206.0	198.8000030517578	199.75	198.29078674316406	1453964
2019-05-08	200.0	202.25	198.25	199.4499969482422	197.99298095703125	1452184
2019-05-09	199.3000030517578	200.9499969482422	195.10000610351562	198.60000610351562	197.14918518066406	1365985
2019-05-10	198.60000610351562	201.39999389648438	197.5500030517578	198.5	197.04991149902344	1246805
2019-05-13	197.25	204.3000030517578	197.0	199.85000610351562	198.3900604248047	2827684
2019-05-14	202.0	204.89999389648438	197.25	200.25	198.78713989257812	4190535
2019-05-15	202.3000030517578	204.89999389648438	198.10000610351562	199.25	197.79443359375	2581825
2019-05-16	207.0	223.0	197.14999389648438	220.8000030517578	219.18701171875	27398307
2019-05-17	220.0	238.3000030517578	218.60000610351562	235.39999389648438	233.6803436279297	17955568
2019-05-20	239.8000030517578	241.9499969482422	231.5	235.85000610351562	234.1270751953125	7507001
2019-05-21	235.0	237.0	229.6999969482422	232.5	230.80154418945312	4396346
2019-05-22	233.0	236.0	230.14999389648438	234.0500030517578	232.34022521972656	3274093
2019-05-23	238.0	238.0	229.1999969482422	230.3000030517578	228.61761474609375	3287277
2019-05-24	230.6999969482422	236.39999389648438	227.89999389648438	234.89999389648438	233.1840057373047	2395433
2019-05-27	237.1999969482422	237.5	232.25	233.39999389648438	231.69496154785156	1832951
2019-05-28	235.39999389648438	243.75	233.75	237.3000030517578	235.5664825439453	4121336
2019-05-29	236.89999389648438	239.89999389648438	232.39999389648438	234.35000610351562	232.63803100585938	2445735
2019-05-30	234.10000610351562	238.14999389648438	233.0	236.85000610351562	235.11976623535156	1442935
2019-05-31	237.0	246.25	235.35000610351562	244.0	242.217529296875	6568324
2019-06-03	245.0	247.39999389648438	242.3000030517578	244.9499969482422	243.16058349609375	3279574
2019-06-04	244.60000610351562	258.70001220703125	244.0	253.4499969482422	251.59849548339844	10943654
2019-06-06	253.0	257.3999938964844	246.75	252.5	250.6554412841797	5822991
2019-06-07	251.5	259.8500061035156	247.64999389648438	257.0	255.12255859375	6012221
2019-06-10	257.0	259.04998779296875	250.64999389648438	252.6999969482422	250.85397338867188	3098985
2019-06-11	253.4499969482422	256.70001220703125	250.60000610351562	255.35000610351562	253.484619140625	2440220
2019-06-12	254.8000030517578	257.45001220703125	253.25	255.14999389648438	253.28607177734375	2028664
2019-06-13	255.1999969482422	255.89999389648438	251.14999389648438	253.85000610351562	251.99557495117188	1232935
2019-06-14	253.0	254.85000610351562	246.10000610351562	247.0500030517578	245.24525451660156	1914763
2019-06-17	246.5	251.8000030517578	243.35000610351562	245.6999969482422	243.9051055908203	1818946
2019-06-18	246.25	248.64999389648438	245.0500030517578	247.8000030517578	245.98977661132812	1752118
2019-06-19	248.60000610351562	250.1999969482422	243.14999389648438	245.3000030517578	243.50804138183594	2503805
2019-06-20	244.85000610351562	256.79998779296875	244.6999969482422	255.85000610351562	253.98097229003906	4602715
2019-06-21	255.85000610351562	264.0	253.5	261.79998779296875	259.8874816894531	3760383
2019-06-24	261.0	263.0	256.75	259.95001220703125	258.051025390625	2281154
2019-06-25	260.0	260.70001220703125	256.8500061035156	259.1499938964844	257.2568359375	1699986
2019-06-26	260.0	275.0	258.29998779296875	272.6499938964844	270.6582336425781	8391203
2019-06-27	274.0	277.3999938964844	269.29998779296875	273.79998779296875	271.7998352050781	3685617
2019-06-28	273.79998779296875	273.79998779296875	267.5	269.70001220703125	267.72979736328125	2322676
2019-07-01	270.1000061035156	272.70001220703125	268.5	271.54998779296875	269.5662536621094	1425361
2019-07-02	273.29998779296875	275.0	269.5	271.79998779296875	269.8144226074219	1702477
2019-07-03	271.0	273.8999938964844	269.95001220703125	271.6499938964844	269.66552734375	1027844
2019-07-04	272.20001220703125	273.0	268.6000061035156	269.6499938964844	267.6801452636719	2067702
2019-07-05	270.0	272.20001220703125	263.25	266.6000061035156	264.6524353027344	1804483
2019-07-08	265.0	266.95001220703125	260.54998779296875	263.54998779296875	261.62469482421875	1429701
2019-07-09	263.1000061035156	266.25	261.45001220703125	263.54998779296875	261.62469482421875	1723027
2019-07-10	263.29998779296875	264.70001220703125	250.3000030517578	251.64999389648438	249.8116455078125	2861877
2019-07-11	253.0	259.54998779296875	252.14999389648438	255.9499969482422	254.08023071289062	2071153
2019-07-12	255.0	260.20001220703125	253.14999389648438	257.95001220703125	256.0656433105469	1087977
2019-07-15	260.0	260.0	253.5	254.3000030517578	252.44229125976562	1832470
2019-07-16	254.3000030517578	261.0	254.0	259.54998779296875	257.6539306640625	1245709
2019-07-17	258.6499938964844	263.5	255.9499969482422	257.0	255.12255859375	2631378
2019-07-18	256.70001220703125	258.75	254.25	255.10000610351562	253.2364501953125	1082809
2019-07-19	256.0	256.3500061035156	245.60000610351562	248.85000610351562	247.0321044921875	2750857
2019-07-22	249.0	255.5	247.10000610351562	251.60000610351562	249.76202392578125	1740529
2019-07-23	250.0	253.25	249.0	250.39999389648438	248.57077026367188	1441755
2019-07-24	250.0	252.10000610351562	248.0	249.89999389648438	248.0744171142578	1761267
2019-07-25	249.8000030517578	254.60000610351562	249.3000030517578	251.60000610351562	249.76202392578125	1509879
2019-07-26	251.9499969482422	260.5	250.39999389648438	258.3500061035156	256.46270751953125	2006636
2019-07-29	258.5	259.95001220703125	252.60000610351562	256.0	254.12986755371094	1208093
2019-07-30	257.0	259.20001220703125	247.6999969482422	249.6999969482422	247.87588500976562	1577476
2019-07-31	247.0	254.4499969482422	245.6999969482422	251.60000610351562	249.76202392578125	1479989
2019-08-01	252.0	262.5	250.5	258.75	256.8597717285156	5362278
2019-08-02	258.70001220703125	269.75	254.39999389648438	265.6000061035156	263.65972900390625	3587924
2019-08-05	264.3500061035156	266.3999938964844	259.70001220703125	260.8999938964844	258.99407958984375	2298112
2019-08-06	262.0	273.20001220703125	261.95001220703125	270.54998779296875	268.5735778808594	2899938
2019-08-07	271.25	274.3500061035156	268.3500061035156	269.3999938964844	267.4319763183594	1761095
2019-08-08	271.5	272.70001220703125	266.8500061035156	270.8999938964844	268.9210205078125	1823157
2019-08-09	272.0	273.8999938964844	264.75	265.5	263.5604553222656	2192096
2019-08-13	264.5	268.1000061035156	261.79998779296875	263.6000061035156	261.6743469238281	1060200
2019-08-14	264.1000061035156	269.70001220703125	261.20001220703125	267.0	265.04949951171875	1331862
2019-08-16	265.8500061035156	269.5	263.79998779296875	266.8500061035156	264.9006042480469	823258
2019-08-19	267.3999938964844	271.0	266.20001220703125	268.20001220703125	266.2407531738281	1332431
2019-08-20	268.95001220703125	270.3500061035156	263.6499938964844	265.8999938964844	263.9575500488281	600434
2019-08-21	266.0	266.0	259.6000061035156	261.45001220703125	259.5400695800781	1222492
2019-08-22	261.0	262.8500061035156	256.6499938964844	258.70001220703125	256.8101501464844	864809
2019-08-23	259.54998779296875	267.25	256.8500061035156	265.95001220703125	264.0072021484375	1376595
2019-08-26	269.25	273.8999938964844	265.79998779296875	269.04998779296875	267.08453369140625	1791288
2019-08-27	270.0	271.29998779296875	264.8500061035156	266.3999938964844	264.4538879394531	1420227
2019-08-28	270.0	281.29998779296875	267.6000061035156	280.04998779296875	278.004150390625	7632634
2019-08-29	281.0	282.0	271.45001220703125	274.54998779296875	272.5443420410156	4231503
2019-08-30	275.5	280.45001220703125	274.8999938964844	278.5	276.46551513671875	2714305
2019-09-03	277.0	279.6000061035156	270.20001220703125	271.20001220703125	269.2188415527344	1619484
2019-09-04	271.95001220703125	272.8999938964844	262.3500061035156	267.0	265.04949951171875	2261160
2019-09-05	268.0	269.25	263.45001220703125	264.45001220703125	262.5181579589844	1401218
2019-09-06	265.0	266.29998779296875	259.54998779296875	262.75	260.83056640625	1255736
2019-09-09	263.5	267.3500061035156	261.70001220703125	263.79998779296875	261.87286376953125	2640504
2019-09-11	265.95001220703125	267.79998779296875	257.20001220703125	259.3500061035156	257.4554138183594	2667978
2019-09-12	259.79998779296875	263.8999938964844	258.20001220703125	262.29998779296875	260.3838195800781	2744024
2019-09-13	263.8999938964844	264.5	256.0	259.0	257.1079406738281	3050128
2019-09-16	256.5	259.3999938964844	255.6999969482422	257.5	255.61891174316406	1044609
2019-09-17	258.0	260.79998779296875	255.0	256.25	254.37803649902344	2237086
2019-09-18	258.0	261.3500061035156	253.5	259.75	257.85247802734375	2360120
2019-09-19	259.70001220703125	259.70001220703125	250.64999389648438	254.4499969482422	252.5911865234375	3546569
2019-09-20	254.10000610351562	270.6499938964844	249.9499969482422	267.3500061035156	265.39697265625	4803062
2019-09-23	266.0	277.0	265.20001220703125	273.6499938964844	271.6509094238281	9811055
2019-09-24	274.0	277.5	271.95001220703125	275.0	272.9910583496094	2160946
2019-09-25	274.5	281.25	271.29998779296875	279.45001220703125	277.4085693359375	3273970
2019-09-26	281.8999938964844	284.8500061035156	277.1499938964844	279.8999938964844	277.8552551269531	4937972
2019-09-27	279.8999938964844	287.70001220703125	278.6000061035156	281.95001220703125	279.89031982421875	4289026
2019-09-30	281.95001220703125	281.95001220703125	275.3500061035156	276.0	273.9837646484375	2057195
2019-10-01	276.0	276.8500061035156	267.3500061035156	270.6499938964844	268.6728515625	3532083
2019-10-03	270.0	274.3500061035156	268.5	272.75	270.75750732421875	1509727
2019-10-04	274.1000061035156	274.8999938964844	262.6499938964844	266.20001220703125	264.25537109375	3182068
2019-10-07	267.75	269.1000061035156	262.8500061035156	265.70001220703125	263.759033203125	1072461
2019-10-09	266.1000061035156	271.6499938964844	264.25	269.95001220703125	267.97796630859375	2022400
2019-10-10	269.8999938964844	272.45001220703125	265.1000061035156	266.6499938964844	264.7020568847656	880540
2019-10-11	268.25	273.8999938964844	265.8500061035156	272.04998779296875	270.0626220703125	3586098
2019-10-14	274.0	277.79998779296875	273.0	275.75	273.735595703125	2040226
2019-10-15	277.45001220703125	278.45001220703125	273.79998779296875	277.75	275.7209777832031	1009890
2019-10-16	277.8999938964844	279.0	273.70001220703125	275.54998779296875	273.53704833984375	814304
2019-10-17	276.3500061035156	280.25	271.75	279.45001220703125	277.4085693359375	1981158
2019-10-18	279.3999938964844	285.20001220703125	275.79998779296875	282.0	279.93994140625	3298797
2019-10-22	283.3500061035156	287.8999938964844	280.54998779296875	281.75	279.6917724609375	1998064
2019-10-23	284.0	284.6000061035156	277.0	278.8500061035156	276.8129577636719	1218611
2019-10-24	279.0	285.0	278.1000061035156	281.1000061035156	279.0465087890625	1320404
2019-10-25	281.95001220703125	281.95001220703125	277.3500061035156	279.6000061035156	277.5574645996094	1338263
2019-10-29	281.8500061035156	288.0	278.70001220703125	283.3999938964844	281.3297119140625	2690746
2019-10-30	288.0	295.0	284.70001220703125	291.75	289.61871337890625	5628792
2019-10-31	290.0	319.79998779296875	283.70001220703125	317.0	314.68426513671875	21060789
2019-11-01	316.79998779296875	322.5	304.29998779296875	304.95001220703125	302.7222900390625	9141707
2019-11-04	305.1000061035156	312.25	301.3999938964844	306.6000061035156	304.3602294921875	5879974
2019-11-05	306.6000061035156	308.1499938964844	299.54998779296875	300.5	298.3047790527344	2621087
2019-11-06	300.0	305.79998779296875	299.0	299.8999938964844	297.70916748046875	3708046
2019-11-07	300.5	302.5	296.29998779296875	300.8500061035156	298.6522216796875	2003799
2019-11-08	299.0	299.0	294.0	295.20001220703125	293.04351806640625	4689759
2019-11-11	292.0	297.45001220703125	292.0	294.95001220703125	292.79534912109375	3794293
2019-11-13	296.20001220703125	296.70001220703125	287.3999938964844	289.5	287.3851318359375	2579434
2019-11-14	287.0	296.8500061035156	285.25	295.5	293.34130859375	4984429
2019-11-15	295.54998779296875	302.5	295.54998779296875	297.75	295.57489013671875	3644187
2019-11-18	296.5	307.0	296.5	305.29998779296875	303.0697021484375	3635065
2019-11-19	306.45001220703125	308.3999938964844	300.8999938964844	302.5	300.2901611328125	1672538
2019-11-20	304.8999938964844	307.8999938964844	301.0	306.79998779296875	304.5587463378906	2044550
2019-11-21	306.79998779296875	311.95001220703125	300.3500061035156	301.79998779296875	299.59527587890625	2983373
2019-11-22	303.0	303.0	296.70001220703125	299.6000061035156	297.411376953125	2167799
2019-11-25	299.8999938964844	305.6499938964844	299.04998779296875	302.1499938964844	299.9427185058594	1483132
2019-11-26	303.79998779296875	305.04998779296875	298.04998779296875	299.5	297.3121032714844	2171513
2019-11-27	301.0	308.70001220703125	298.70001220703125	307.3500061035156	305.104736328125	2647248
2019-11-28	308.1000061035156	321.75	307.5	318.70001220703125	316.3718566894531	8388284
2019-11-29	318.0	324.8999938964844	314.54998779296875	323.1499938964844	320.789306640625	4891923
2019-12-02	324.79998779296875	325.29998779296875	316.0	316.79998779296875	314.4856872558594	2025042
2019-12-03	316.20001220703125	316.79998779296875	310.20001220703125	314.3999938964844	312.1032409667969	1564692
2019-12-04	312.20001220703125	319.95001220703125	311.6499938964844	318.8999938964844	316.57037353515625	1659772
2019-12-05	321.29998779296875	321.95001220703125	312.5	315.6000061035156	313.29449462890625	2887465
2019-12-06	316.0	319.8500061035156	312.5	313.75	311.4579772949219	1692801
2019-12-09	312.1000061035156	317.0	311.54998779296875	315.45001220703125	313.1455993652344	1118398
2019-12-10	316.0	317.0	311.3500061035156	312.8500061035156	310.5645751953125	1292439
2019-12-11	311.5	315.5	309.3500061035156	314.3500061035156	312.0536193847656	1854516
2019-12-12	314.6000061035156	327.54998779296875	314.3500061035156	323.54998779296875	321.1864013671875	5568413
2019-12-13	323.8999938964844	330.04998779296875	321.6000061035156	328.04998779296875	325.65350341796875	4606412
2019-12-16	329.0	329.3999938964844	320.54998779296875	322.25	319.8959045410156	2144758
2019-12-17	323.79998779296875	329.8999938964844	322.54998779296875	325.1499938964844	322.77471923828125	2918086
2019-12-18	325.0	326.45001220703125	304.6000061035156	312.3500061035156	310.0682373046875	4790723
2019-12-19	312.3999938964844	316.3500061035156	309.1000061035156	313.95001220703125	311.65655517578125	5360691
2019-12-20	313.3500061035156	315.0	311.25	312.6499938964844	310.36602783203125	1799384
2019-12-23	318.20001220703125	322.8999938964844	313.70001220703125	314.8999938964844	312.5995788574219	6065714
2019-12-24	315.04998779296875	318.3999938964844	312.5	315.3500061035156	313.0462951660156	1933222
2019-12-26	315.0	319.70001220703125	312.04998779296875	312.8999938964844	310.61419677734375	3323173
2019-12-27	314.0	319.5	313.0	318.45001220703125	316.1236572265625	2357762
2019-12-30	318.45001220703125	322.75	317.04998779296875	321.3999938964844	319.0520935058594	2910244
2019-12-31	321.3999938964844	326.0	319.6000061035156	321.3500061035156	319.0024719238281	2616389
2020-01-01	321.3500061035156	324.75	318.6499938964844	323.8500061035156	321.4842224121094	1514293
2020-01-02	323.6000061035156	327.45001220703125	321.1000061035156	323.3500061035156	320.98785400390625	3091351
2020-01-03	323.79998779296875	323.79998779296875	317.0	318.20001220703125	315.87548828125	1718884
2020-01-06	315.25	318.1499938964844	310.3999938964844	312.1000061035156	309.8200378417969	1712158
2020-01-07	314.0	319.3999938964844	312.0	314.8999938964844	312.5995788574219	2146089
2020-01-08	312.20001220703125	317.3500061035156	311.5	316.25	313.9397277832031	1521535
2020-01-09	318.04998779296875	330.0	317.3999938964844	328.54998779296875	326.1498718261719	4302141
2020-01-10	329.8999938964844	343.29998779296875	329.04998779296875	341.3500061035156	338.85638427734375	10109760
2020-01-13	343.0	353.8500061035156	342.04998779296875	352.95001220703125	350.37164306640625	7399348
2020-01-14	360.5	392.0	358.0	389.6000061035156	386.75390625	44997621
2020-01-15	389.5	395.95001220703125	385.0	391.45001220703125	388.59039306640625	24437080
2020-01-16	392.5	393.0	382.20001220703125	384.25	381.4429626464844	12118796
2020-01-17	383.70001220703125	384.0	376.6000061035156	380.29998779296875	377.5218200683594	5495593
2020-01-20	380.29998779296875	385.5	377.1000061035156	383.1499938964844	380.35101318359375	7618479
2020-01-21	382.0	389.3999938964844	379.04998779296875	385.79998779296875	382.98162841796875	5981471
2020-01-22	388.8500061035156	388.8500061035156	382.20001220703125	385.04998779296875	382.23712158203125	4148230
2020-01-23	385.0	399.45001220703125	383.3999938964844	393.25	390.3772277832031	11073810
2020-01-24	394.75	394.75	383.75	384.6000061035156	381.7904357910156	6033580
2020-01-27	383.79998779296875	389.3999938964844	380.45001220703125	382.3999938964844	379.6064758300781	3735041
2020-01-28	382.79998779296875	387.6000061035156	378.25	380.70001220703125	377.9189147949219	2710063
2020-01-29	384.8999938964844	393.29998779296875	382.25	383.45001220703125	380.6488342285156	6500722
2020-01-30	385.70001220703125	385.79998779296875	380.1499938964844	381.6000061035156	378.8123474121094	2297423
2020-01-31	382.6000061035156	386.6499938964844	380.0	383.3999938964844	380.59918212890625	2681230
2020-02-03	373.75	382.0	367.5	378.8500061035156	376.0824279785156	3318729
2020-02-04	384.0	384.0	375.54998779296875	379.8999938964844	377.124755859375	5327138
2020-02-05	382.0	408.0	381.0	394.6000061035156	391.7173767089844	23579395
2020-02-06	396.0	397.3500061035156	387.3500061035156	392.04998779296875	389.18597412109375	4985380
2020-02-07	391.1000061035156	404.0	390.54998779296875	396.70001220703125	393.8020324707031	11308676
2020-02-10	398.45001220703125	398.45001220703125	388.3500061035156	392.29998779296875	389.43414306640625	3145276
2020-02-11	395.0	399.0	389.25	390.6000061035156	387.74658203125	4171668
2020-02-12	391.70001220703125	396.75	391.6000061035156	395.1499938964844	392.2633361816406	4018932
2020-02-13	394.54998779296875	397.8500061035156	389.54998779296875	392.54998779296875	389.6823425292969	2860031
2020-02-14	393.0	400.0	390.5	396.8999938964844	394.00054931640625	4733600
2020-02-17	397.70001220703125	401.8999938964844	375.8500061035156	381.04998779296875	378.2663269042969	9537335
2020-02-18	380.0	386.5	373.20001220703125	382.0	379.20941162109375	7402772
2020-02-19	383.0	386.3500061035156	377.6000061035156	383.1499938964844	380.35101318359375	4326781
2020-02-20	383.1499938964844	384.95001220703125	379.1000061035156	380.5	377.7203674316406	5137245
2020-02-24	378.8999938964844	379.8500061035156	367.75	369.1000061035156	366.4036560058594	3017687
2020-02-25	370.5	374.0	365.54998779296875	369.0	366.30438232421875	3659466
2020-02-26	367.6000061035156	370.1499938964844	361.20001220703125	365.6499938964844	362.9788513183594	2808589
2020-02-27	364.1000061035156	365.6499938964844	360.25	363.29998779296875	360.64599609375	1827751
2020-02-28	357.95001220703125	357.95001220703125	341.54998779296875	346.1499938964844	343.6213073730469	4494646
2020-03-02	351.04998779296875	355.25	333.6000061035156	338.79998779296875	336.3249816894531	3837169
2020-03-03	340.6000061035156	357.70001220703125	340.6000061035156	355.29998779296875	352.7044372558594	4204156
2020-03-04	356.20001220703125	357.6000061035156	339.0	349.20001220703125	346.6490478515625	2331888
2020-03-05	353.75	357.1000061035156	347.0	348.5	345.9541320800781	1890082
2020-03-06	340.0	346.8999938964844	334.1499938964844	344.5	341.9833679199219	4469801
2020-03-09	338.0	340.8500061035156	319.1499938964844	330.1000061035156	327.6885681152344	5653362
2020-03-11	326.8500061035156	337.75	325.0	327.8500061035156	325.4549865722656	3475867
2020-03-12	320.0	320.0	297.20001220703125	303.45001220703125	301.2332458496094	5401010
2020-03-13	273.54998779296875	327.79998779296875	258.0	324.25	321.88128662109375	7428473
2020-03-16	305.29998779296875	314.29998779296875	296.6000061035156	300.29998779296875	298.1062316894531	3695134
2020-03-17	305.0	308.70001220703125	282.0	283.8500061035156	281.77642822265625	3307243
2020-03-18	285.0	288.6000061035156	262.0	267.45001220703125	265.4962463378906	4036479
2020-03-19	258.0	265.5	232.25	250.75	248.918212890625	6319631
2020-03-20	247.0	273.3999938964844	244.5	264.20001220703125	262.2699890136719	3907591
2020-03-23	240.0	247.89999389648438	225.0	226.5	224.84536743164062	2922955
2020-03-24	249.14999389648438	256.1000061035156	213.6999969482422	249.0500030517578	247.2306365966797	6049682
2020-03-25	248.10000610351562	282.45001220703125	246.89999389648438	277.1499938964844	275.1253662109375	3964369
2020-03-26	279.5	293.54998779296875	263.45001220703125	279.04998779296875	277.011474609375	3335026
2020-03-27	290.0	294.95001220703125	279.25	284.75	282.6698303222656	2980925
2020-03-30	282.5	284.0	272.6499938964844	281.3999938964844	279.34429931640625	2901681
2020-03-31	291.5	297.0	284.8500061035156	294.8500061035156	292.6960754394531	3269934
2020-04-01	292.8500061035156	304.0	277.3500061035156	280.0	277.95452880859375	5532600
2020-04-03	286.0	286.0	264.0	267.1499938964844	265.1983947753906	5990371
2020-04-07	280.0	286.75	271.0	284.54998779296875	282.4712829589844	6492026
2020-04-08	282.70001220703125	296.0	276.70001220703125	294.3999938964844	292.24932861328125	5331494
2020-04-09	301.3999938964844	319.0	300.20001220703125	309.04998779296875	306.7923278808594	7699408
2020-04-13	315.0	315.0	301.1000061035156	305.04998779296875	302.821533203125	3699539
2020-04-15	311.1000061035156	322.75	305.0	315.6499938964844	313.3441162109375	5721837
2020-04-16	317.8500061035156	333.70001220703125	315.6499938964844	324.04998779296875	321.6827392578125	8211111
2020-04-17	334.95001220703125	336.3999938964844	316.8500061035156	324.5	322.12945556640625	4845904
2020-04-20	324.6000061035156	332.8500061035156	321.1499938964844	324.70001220703125	322.3280029296875	3621443
2020-04-21	318.0	320.0	311.0	312.3999938964844	310.11785888671875	3462472
2020-04-22	314.6499938964844	335.45001220703125	310.0	330.1499938964844	327.7381896972656	4645157
2020-04-23	338.0	339.79998779296875	325.29998779296875	329.95001220703125	327.5396728515625	3747875
2020-04-24	323.0	336.8500061035156	323.0	326.1000061035156	323.7177734375	5438849
2020-04-27	331.95001220703125	351.3500061035156	331.25	349.3500061035156	346.7979431152344	7426420
2020-04-28	352.8500061035156	355.6000061035156	340.45001220703125	342.8999938964844	340.3950500488281	3767231
2020-04-29	343.0	356.0	343.0	354.0	351.4139709472656	3653489
2020-04-30	359.95001220703125	361.3999938964844	349.8500061035156	351.6000061035156	349.031494140625	4760235
2020-05-04	340.0	347.20001220703125	333.0	334.95001220703125	332.5031433105469	3385449
2020-05-05	339.0	342.8999938964844	327.8500061035156	329.5	327.0929260253906	2833246
2020-05-06	331.45001220703125	341.20001220703125	325.6499938964844	335.54998779296875	333.0987243652344	3642687
2020-05-07	335.95001220703125	344.6000061035156	328.79998779296875	341.29998779296875	338.8067321777344	3605449
2020-05-08	347.0	355.5	344.1000061035156	348.75	346.2023010253906	3247800
2020-05-11	353.8500061035156	365.0	349.04998779296875	355.0	352.4066467285156	4792044
2020-05-12	354.45001220703125	363.29998779296875	346.6499938964844	358.70001220703125	356.0796203613281	3257800
2020-05-13	375.0	375.0	348.5	356.3500061035156	353.7467956542969	8536848
2020-05-14	350.0	364.5	350.0	362.79998779296875	360.149658203125	5120801
2020-05-15	353.1000061035156	367.75	349.1000061035156	352.20001220703125	349.6271057128906	9452893
2020-05-18	351.20001220703125	355.79998779296875	343.3999938964844	347.1000061035156	344.5643615722656	4181440
2020-05-19	350.8999938964844	363.0	349.25	358.04998779296875	355.4343566894531	5696557
2020-05-20	359.6000061035156	363.79998779296875	356.54998779296875	360.75	358.1146545410156	3489683
2020-05-21	363.8999938964844	366.3999938964844	355.29998779296875	360.29998779296875	357.66790771484375	3883173
2020-05-22	361.54998779296875	366.95001220703125	356.20001220703125	362.45001220703125	359.80224609375	3956328
2020-05-26	366.79998779296875	376.45001220703125	360.0	371.95001220703125	369.23284912109375	7728662
2020-05-27	374.6000061035156	375.70001220703125	362.20001220703125	368.54998779296875	365.857666015625	3384187
2020-05-28	367.95001220703125	373.3999938964844	366.0	371.1499938964844	368.43865966796875	3390919
2020-05-29	370.54998779296875	382.79998779296875	357.3500061035156	366.8999938964844	364.2197265625	63551245
2020-06-01	368.5	369.3999938964844	359.5	362.8500061035156	360.1993103027344	9637108
2020-06-02	362.8500061035156	370.0	361.29998779296875	367.45001220703125	364.7657165527344	2638814
2020-06-03	372.0	372.0	364.54998779296875	366.6499938964844	363.9715270996094	4027578
2020-06-04	369.5	383.5	366.0	381.5	378.71307373046875	4535651
2020-06-05	384.0	387.79998779296875	377.0	379.75	376.9758605957031	3140410
2020-06-08	384.0	385.95001220703125	377.54998779296875	379.45001220703125	376.67803955078125	1565959
2020-06-09	382.0	388.8500061035156	379.5	384.25	381.4429626464844	2635455
2020-06-10	385.95001220703125	393.95001220703125	380.20001220703125	384.6499938964844	381.8400573730469	3409451
2020-06-11	386.0	386.5	374.3999938964844	375.79998779296875	373.0546875	2855842
2020-06-12	365.1000061035156	373.04998779296875	365.1000061035156	371.0	368.2897644042969	3179703
2020-06-15	371.5	379.95001220703125	366.3999938964844	370.0	367.2970886230469	2293579
2020-06-16	376.0	377.95001220703125	360.25	369.04998779296875	366.35400390625	2343185
2020-06-17	366.0	373.25	366.0	369.6000061035156	366.8999938964844	2556896
2020-06-18	367.79998779296875	374.0	365.0	372.1499938964844	372.1499938964844	1929487
2020-06-19	373.8500061035156	383.0	373.3500061035156	377.29998779296875	377.29998779296875	4249130
2020-06-22	383.0	385.1499938964844	377.6000061035156	381.1000061035156	381.1000061035156	2623125
2020-06-23	383.8999938964844	391.8999938964844	382.0	390.8500061035156	390.8500061035156	3834436
2020-06-24	391.8999938964844	394.8999938964844	379.3500061035156	383.1000061035156	383.1000061035156	3889495
2020-06-25	380.0	389.3999938964844	377.6000061035156	384.0	384.0	1961912
2020-06-26	387.1000061035156	388.95001220703125	382.5	385.6499938964844	385.6499938964844	1759164
2020-06-29	387.04998779296875	392.29998779296875	382.1499938964844	386.54998779296875	386.54998779296875	2764272
2020-06-30	388.0	391.79998779296875	385.8999938964844	387.45001220703125	387.45001220703125	1860920
2020-07-01	385.0	388.5	380.5	384.5	384.5	1611560
2020-07-02	385.0	395.0	384.54998779296875	390.79998779296875	390.79998779296875	2607208
2020-07-03	395.0	402.29998779296875	392.6499938964844	396.45001220703125	396.45001220703125	3223088
2020-07-06	400.04998779296875	408.45001220703125	397.29998779296875	405.70001220703125	405.70001220703125	4073356
2020-07-07	408.3999938964844	414.3999938964844	403.70001220703125	412.70001220703125	412.70001220703125	4087677
2020-07-08	416.1499938964844	436.29998779296875	414.8500061035156	432.3999938964844	432.3999938964844	6978394
2020-07-09	433.04998779296875	437.29998779296875	428.8500061035156	433.3500061035156	433.3500061035156	2808348
2020-07-10	429.54998779296875	437.75	428.6499938964844	430.1000061035156	430.1000061035156	3765369
2020-07-13	430.1000061035156	433.54998779296875	422.0	424.45001220703125	424.45001220703125	2552387
2020-07-14	420.0	426.45001220703125	417.5	419.3500061035156	419.3500061035156	3232206
2020-07-15	422.8500061035156	423.1000061035156	411.3500061035156	413.04998779296875	413.04998779296875	2076567
2020-07-16	415.3999938964844	415.79998779296875	407.1499938964844	410.29998779296875	410.29998779296875	2027078
2020-07-17	411.3999938964844	424.5	411.0	423.0	423.0	2740774
2020-07-20	426.70001220703125	426.70001220703125	417.95001220703125	423.1000061035156	423.1000061035156	1680893
2020-07-21	424.0	424.75	408.3999938964844	409.45001220703125	409.45001220703125	2752464
2020-07-22	410.0	417.3999938964844	404.0	407.0	407.0	2619808
2020-07-23	409.6000061035156	412.3500061035156	402.70001220703125	404.3999938964844	404.3999938964844	2992496
2020-07-24	404.70001220703125	415.0	402.3500061035156	408.45001220703125	408.45001220703125	3124083
2020-07-27	408.45001220703125	414.0	404.29998779296875	408.45001220703125	408.45001220703125	3132821
2020-07-28	409.95001220703125	416.3999938964844	409.0	413.04998779296875	413.04998779296875	3500423
2020-07-29	417.0	429.8999938964844	417.0	427.70001220703125	427.70001220703125	5938179
2020-07-30	430.3999938964844	432.0	421.54998779296875	424.8999938964844	424.8999938964844	1866344
2020-07-31	425.0	434.0	425.0	428.04998779296875	428.04998779296875	3115208
2020-08-03	428.95001220703125	440.0	427.70001220703125	434.1000061035156	434.1000061035156	2917293
2020-08-04	439.3999938964844	452.29998779296875	436.0	449.75	449.75	6816080
2020-08-05	465.0	471.79998779296875	440.29998779296875	447.6000061035156	447.6000061035156	20178067
2020-08-06	450.0	489.0	449.04998779296875	484.75	484.75	15882211
2020-08-07	487.6000061035156	529.9500122070312	482.70001220703125	518.5999755859375	518.5999755859375	30560068
2020-08-10	520.9500122070312	526.0	510.70001220703125	520.2999877929688	520.2999877929688	6832824
2020-08-11	524.5	527.9000244140625	514.2999877929688	515.9000244140625	515.9000244140625	4690222
2020-08-12	515.2000122070312	522.0	509.1499938964844	517.5499877929688	517.5499877929688	3883832
2020-08-13	520.0	543.0	518.5499877929688	539.0499877929688	539.0499877929688	7877135
2020-08-14	541.9500122070312	544.5	530.5499877929688	537.5	537.5	5921905
2020-08-17	541.1500244140625	548.0	538.2999877929688	543.75	543.75	5044171
2020-08-18	545.5499877929688	553.4000244140625	542.5	545.75	545.75	3328153
2020-08-19	547.4500122070312	551.0999755859375	542.3499755859375	548.2000122070312	548.2000122070312	3597622
2020-08-20	541.4000244140625	553.2000122070312	540.0499877929688	549.25	549.25	4812366
2020-08-21	553.0	556.9500122070312	544.1500244140625	545.7999877929688	545.7999877929688	2953395
2020-08-24	546.5	550.0	543.5499877929688	545.5499877929688	545.5499877929688	2123227
2020-08-25	547.4000244140625	547.7000122070312	541.25	545.5499877929688	545.5499877929688	1850446
2020-08-26	544.9000244140625	561.4000244140625	544.7000122070312	549.1500244140625	549.1500244140625	5778027
2020-08-27	552.7999877929688	553.8499755859375	543.5	544.6500244140625	544.6500244140625	2572048
2020-08-28	547.9000244140625	555.8499755859375	544.0	547.0499877929688	547.0499877929688	2692860
2020-08-31	549.0	552.3499755859375	528.2000122070312	532.3499755859375	532.3499755859375	5541983
2020-09-01	526.0	549.7999877929688	526.0	548.5	548.5	3854978
2020-09-02	552.0	556.0	542.0999755859375	549.8499755859375	549.8499755859375	4042692
2020-09-03	548.5	591.9500122070312	548.5	578.5	578.5	12052237
2020-09-04	568.9500122070312	587.4000244140625	566.5999755859375	569.0499877929688	569.0499877929688	6461042
2020-09-07	570.0	572.0	542.0	545.2999877929688	545.2999877929688	5253648
2020-09-08	547.2000122070312	548.7000122070312	533.6500244140625	538.3499755859375	538.3499755859375	3891628
2020-09-09	534.0	540.9000244140625	529.1500244140625	534.75	534.75	4391991
2020-09-10	538.0	548.9000244140625	534.1500244140625	546.5499877929688	546.5499877929688	3787048
2020-09-11	549.7999877929688	553.0	540.9500122070312	548.4000244140625	548.4000244140625	3451466
2020-09-14	552.0	555.2000122070312	543.4000244140625	546.5	546.5	2809233
2020-09-15	547.0	550.5	540.5	542.3499755859375	542.3499755859375	1812894
2020-09-16	541.9500122070312	546.3499755859375	537.5499877929688	542.4000244140625	542.4000244140625	2127916
2020-09-17	542.0	552.0	533.1500244140625	548.2999877929688	548.2999877929688	3725291
2020-09-18	551.0499877929688	553.25	537.2999877929688	540.5999755859375	540.5999755859375	9395417
2020-09-21	540.5999755859375	542.2999877929688	502.0	507.75	507.75	3886296
2020-09-22	504.45001220703125	511.70001220703125	490.3999938964844	504.3999938964844	504.3999938964844	5113511
2020-09-23	506.0	510.8999938964844	490.0	493.54998779296875	493.54998779296875	4284285
2020-09-24	489.8999938964844	492.8500061035156	478.0	488.6499938964844	488.6499938964844	9646972
2020-09-25	498.79998779296875	512.0	495.29998779296875	509.79998779296875	509.79998779296875	5153385
2020-09-28	514.0	522.0	503.54998779296875	517.0	517.0	5554154
2020-09-29	519.5999755859375	527.0	500.1000061035156	503.25	503.25	4918324
2020-09-30	507.0	515.5	495.54998779296875	499.95001220703125	499.95001220703125	6252142
2020-10-01	508.54998779296875	511.20001220703125	499.1000061035156	509.1000061035156	509.1000061035156	3070361
2020-10-05	513.4000244140625	513.4000244140625	502.1000061035156	503.54998779296875	503.54998779296875	2023148
2020-10-06	507.0	513.5	502.8500061035156	505.6000061035156	505.6000061035156	2973460
2020-10-07	507.0	511.0	501.6000061035156	505.04998779296875	505.04998779296875	2157212
2020-10-08	506.79998779296875	508.29998779296875	485.0	488.25	488.25	5419695
2020-10-09	490.20001220703125	493.04998779296875	470.04998779296875	471.25	471.25	6721697
2020-10-12	474.5	483.6000061035156	470.3500061035156	474.70001220703125	474.70001220703125	4422520
2020-10-13	473.79998779296875	477.5	467.04998779296875	468.95001220703125	468.95001220703125	2260650
2020-10-14	468.70001220703125	491.3999938964844	463.54998779296875	489.79998779296875	489.79998779296875	8021621
2020-10-15	493.0	494.20001220703125	471.0	474.1000061035156	474.1000061035156	4700083
2020-10-16	478.75	486.70001220703125	475.04998779296875	477.1000061035156	477.1000061035156	4313466
2020-10-19	481.8999938964844	484.25	472.04998779296875	475.8500061035156	475.8500061035156	3162037
2020-10-20	476.0	484.0	475.1499938964844	477.8999938964844	477.8999938964844	2736592
2020-10-21	479.70001220703125	482.29998779296875	458.95001220703125	465.29998779296875	465.29998779296875	4907120
2020-10-22	465.6499938964844	470.5	460.45001220703125	466.20001220703125	466.20001220703125	3460945
2020-10-23	469.95001220703125	474.0	466.20001220703125	472.79998779296875	472.79998779296875	2619194
2020-10-26	474.8999938964844	484.29998779296875	470.1499938964844	476.95001220703125	476.95001220703125	6102517
2020-10-27	478.0	501.6499938964844	478.0	498.75	498.75	10455291
2020-10-28	501.79998779296875	504.79998779296875	489.54998779296875	492.8500061035156	492.8500061035156	5195173
2020-10-29	488.6000061035156	495.3999938964844	484.29998779296875	492.0	492.0	4365903
2020-10-30	494.0	500.29998779296875	488.8999938964844	492.8500061035156	492.8500061035156	4403196
2020-11-02	494.0	498.20001220703125	488.29998779296875	493.75	493.75	6105178
2020-11-03	497.79998779296875	504.54998779296875	488.29998779296875	489.5	489.5	8103580
2020-11-04	491.0	498.54998779296875	489.0	492.75	492.75	5024804
2020-11-05	497.0	509.20001220703125	495.8500061035156	506.45001220703125	506.45001220703125	5208756
2020-11-06	507.75	510.3500061035156	501.45001220703125	504.20001220703125	504.20001220703125	3209659
2020-11-09	511.0	517.8499755859375	505.5	509.8500061035156	509.8500061035156	6179187
2020-11-10	511.20001220703125	513.5	495.0	498.3999938964844	498.3999938964844	3255303
2020-11-11	499.5	504.8999938964844	495.0	503.45001220703125	503.45001220703125	2912596
2020-11-12	505.0	512.5	502.20001220703125	508.75	508.75	2737879
2020-11-13	509.79998779296875	519.0	508.20001220703125	513.25	513.25	4005435
2020-11-17	518.0	521.8499755859375	513.0999755859375	518.2999877929688	518.2999877929688	2774413
2020-11-18	518.2999877929688	524.0	514.0	516.9000244140625	516.9000244140625	3693589
2020-11-19	515.9000244140625	528.0	512.25	515.5999755859375	515.5999755859375	3655576
2020-11-20	520.25	523.7999877929688	515.5999755859375	519.0499877929688	519.0499877929688	2767344
2020-11-23	520.0	534.9000244140625	519.0	521.6500244140625	521.6500244140625	5314636
2020-11-24	524.2000122070312	530.7000122070312	521.6500244140625	526.8499755859375	526.8499755859375	4070241
2020-11-25	529.25	529.4000244140625	508.3999938964844	514.7999877929688	514.7999877929688	2941845
2020-11-26	516.5	523.5999755859375	505.04998779296875	519.8499755859375	519.8499755859375	3566655
2020-11-27	520.7999877929688	545.2999877929688	520.5499877929688	538.0	538.0	18853563
2020-12-01	554.0	554.0	525.2999877929688	529.2999877929688	529.2999877929688	5105352
2020-12-02	532.0	541.7999877929688	530.0999755859375	539.25	539.25	3694795
2020-12-03	541.0	552.9000244140625	540.0	550.4000244140625	550.4000244140625	3859218
2020-12-04	552.0	566.9000244140625	549.75	563.5	563.5	4170295
2020-12-07	563.9500122070312	570.0	561.0	567.8499755859375	567.8499755859375	3707125
2020-12-08	570.0	570.0	558.0	562.75	562.75	2866169
2020-12-09	564.0	570.0	560.3499755859375	565.5	565.5	2567264
2020-12-10	562.0	584.7000122070312	560.2000122070312	579.9000244140625	579.9000244140625	4578520
2020-12-11	584.7999877929688	589.3499755859375	570.5499877929688	576.4000244140625	576.4000244140625	3441778
2020-12-14	579.7999877929688	583.0	572.0999755859375	577.0	577.0	2482828
2020-12-15	577.0	580.6500244140625	566.5	571.2999877929688	571.2999877929688	3411634
2020-12-16	574.9000244140625	585.2000122070312	573.7000122070312	583.5999755859375	583.5999755859375	3686970
2020-12-17	584.9500122070312	593.4000244140625	575.5499877929688	577.2999877929688	577.2999877929688	3608243
2020-12-18	578.0	581.9000244140625	567.5	573.5499877929688	573.5499877929688	5068565
2020-12-21	574.0	579.9500122070312	553.7000122070312	562.75	562.75	4816486
2020-12-22	559.7999877929688	578.0499877929688	551.0	576.0	576.0	3264707
2020-12-23	577.7999877929688	606.8499755859375	573.0499877929688	605.2999877929688	605.2999877929688	7582654
2020-12-24	615.0	616.0999755859375	597.0499877929688	601.0	601.0	5295707
2020-12-28	607.7000122070312	611.9500122070312	599.2000122070312	602.4500122070312	602.4500122070312	2351027
2020-12-29	607.7000122070312	607.7000122070312	593.2000122070312	598.5999755859375	598.5999755859375	2114428
2020-12-30	598.7999877929688	604.0	590.0499877929688	594.3499755859375	594.3499755859375	2297999
2020-12-31	597.4500122070312	599.75	587.0	589.9000244140625	589.9000244140625	2322873
2021-01-01	593.0	606.7999877929688	591.0	601.5	601.5	3606724
2021-01-04	606.9500122070312	606.9500122070312	597.5	604.0	604.0	2120531
2021-01-05	604.0	614.2999877929688	601.0999755859375	609.5499877929688	609.5499877929688	3813409
2021-01-06	613.0	613.7999877929688	595.4000244140625	604.9500122070312	604.9500122070312	2167700
2021-01-07	609.7000122070312	610.2999877929688	598.5499877929688	600.8499755859375	600.8499755859375	2195640
2021-01-08	606.7999877929688	612.5	602.5999755859375	609.5499877929688	609.5499877929688	3458752
2021-01-11	613.0	632.7999877929688	609.5	629.0	629.0	6359605
